No,Vendor,No2,Level,County,03-Dec,05-Dec,11-Dec,18-Dec,23-Dec,09-Jan,30-Jan,03-Feb,Grand_Total,Percentage
12,LADNAN HOSPITAL,12,P 4,WAJIR,313600,106920,190400,52788410,2195130,8341170,2431240,0,66366870,1
19,ST THERESA MISSION HOSPITAL-KIIRUA,19,M5,MERU,16957184,15356181,5640060,2393610,14032111,12950831,11198546,0,78528523,1
23,ELDORET ONCOLOGY ASSOCIATES,23,P 3B,UASIN GISHU,10435052,4858975,13775042,4726260,3817043,2334795,7110594,0,47057761,0
24,CANCER CARE KENYA LIMITED UAP OLD MUTUAL TOWER,24,P4,NAIROBI,10889869,3126912,16798951,3782573,2527884,3279340,9621122,0,50026651,0
28,KERICHO COUNTY REFERRAL HOSPITAL,28,G 4,KERICHO,10816957,10998970,5317300,4348800,9355450,945540,10582570,0,52365587,0
29,KAKAMEGA COUNTY GENERAL HOSPITAL,29,G 5,KAKAMEGA,4433312,14806624,6562326,4422744,14597600,1257933,18661790,0,64742329,1
32,NYAHURURU DISTRICT HOSPITAL,32,G 4,LAIKIPIA,11021548,11068630,5108040,2184770,7782980,1285090,8500150,0,46951208,0
34,MWEA MISSION (OUR LADY OF LOURDES) HOSPITAL,34,M5,KIRINYAGA,13159282,9262710,3419810,2362980,9516070,1201260,7839330,0,46761442,0
35,POPE BENEDICT XVI HOSPITAL,35,M 4,LAIKIPIA,9386255,11687995,6226800,568100,3607680,442980,7027190,0,38947000,0
37,St Joseph Mission Hospital,37,M 4,MIGORI,3935820,2802450,8513668,7450590,3845850,11828800,15296300,0,53673478,0
40,PCEA TUMUTUMU MISSION HOSPITAL,40,M5,NYERI,9154282,9563130,5363910,1149460,7432250,325610,8591480,0,41580122,0
44,EMBU COUNTY REFERRAL HOSPITAL,44,G 5,EMBU,2078394,2058315,10058416,6298780,3177180,12508650,14616180,0,50795915,0
46,KAPKATET SUB COUNTY HOSPITAL,46,G 4,KERICHO,5272739,2215758,7987380,4572310,2684700,6125640,8552730,0,37411257,0
52,MERU TEACHING AND REFERRAL HOSPITAL,52,G 5,MERU,4866322,10504848,2906128,1910042,2054958,3023341,5470840,0,30736479,0
55,RACECOURSE HOSPITAL,55,P 5,UASIN GISHU,7830551,5553650,4865680,1324050,6564977,6345657,6294150,0,38778715,0
57,Makueni County Referral Hospital,57,G 4,MAKUENI,4353020,1493070,7063071,4220355,1352770,3860019,5415924,0,27758229,0
62,ST. LEONARDS HOSPITAL,62,P 4,KERICHO,5147790,5439740,3504530,1462830,5459670,64190,7294510,0,28373260,0
63,NYANGENA HOSPITAL LTD,63,P 5,KISII,4363470,5747920,3981960,1336060,5730850,847090,6047170,0,28054520,0
65,RAPHA DIALYSIS AND DIAGNOSTIC CENTRE,65,P 3B,UASIN GISHU,5697750,6145050,2502750,1001100,4047000,1608150,6390000,0,27391800,0
67,ITEN COUNTY REFERRAL HOSPITAL,67,G 4,ELGEYO-MARAKWET,8085779,4790652,1655190,352220,2620130,476040,6534700,0,24514711,0
74,NAIVASHA SUB COUNTY HOSPITAL,74,G 5,NAKURU,2688171,5836269,3983840,1509960,5160070,216719,7680720,0,27075749,0
77,Bungoma County Referral Hospital,77,G 5,BUNGOMA,1874110,947655,6194370,849640,3919600,7455600,4599540,0,25840515,0
78,Chuka County Refferal Hospital,78,G 4,THARAKA-NITHI,3250690,1189759,5839189,2277810,1215620,3876820,5582220,0,23232108,0
84,MOMBASA HOSPITAL,84,P 4,MOMBASA,4654495,5285247,1745844,872380,3334848,1243159,3141340,0,20277313,0
92,J.M KARIUKI MEMORIAL COUNTY REFERRAL HOSPITAL,92,G 4,NYANDARUA,3724940,4704190,2046140,353860,2149510,45010,3200710,0,16224360,0
95,Mukumu Hospital,95,M 4,KAKAMEGA,1402852,629394,3660439,3575439,1404848,4864243,5813947,0,21351162,0
101,Salama Cancer Centre Ltd,101,P 3A,KISUMU,1434900,1372500,4260400,2325098,839400,977800,2206800,0,13416898,0
104,The Webuye Hospital Limited,104,P 4,BUNGOMA,1602400,197200,3510720,3514880,957360,5873760,5904880,0,21561200,0
106,MWINGI LEVEL IV HOSPITAL,106,G 4,KITUI,2247856,3999240,1712400,1739680,2714560,99520,4388880,0,16902136,0
114,BUNGOMA WEST HOSPITAL,114,P 5,BUNGOMA,2343719,3974433,1949957,1025255,3663476,631371,2909970,0,16498181,0
115,FAIRMONT HOSPITAL,115,P 3B,KISUMU,5103591,2518250,1007900,175000,2545900,672800,345000,0,12368441,0
119,CEDAR HOSPITAL,119,P 4,UASIN GISHU,2532271,3829750,1348440,636850,2473630,318570,3671116,0,14810627,0
122,Our Lady Of Mercy Mission Hospital,122,M 3B,NYAMIRA,10080,3480000,4049520,596800,6943920,245760,3094880,0,18420960,0
123,Machakos County Referral Hospital,123,G 4,MACHAKOS,215304,301320,3145485,3316420,1123110,10509250,12572346,0,31183235,0
124,Bishop Kioko Catholic Hospital,124,P 4,MACHAKOS,2124750,148640,2926705,1012900,1854490,3787290,4042450,0,15897225,0
130,MWEA MEDICAL CENTRE,130,P 4,KIRINYAGA,2247600,2859520,1910000,924240,3073520,84640,3148560,0,14248080,0
132,GARISSA LEVEL 5 TEACHING AND REFERRAL HOSPITAL,132,G 5,GARISSA,1975310,3349690,1459680,1078190,3646340,805720,6486480,0,18801410,0
133,St Joseph's Shelter of Hope,133,M 4,TAITA-TAVETA,1611890,1607715,2643820,1741020,246550,2549150,3484510,0,13884655,0
136,Lenmek Hospital,136,P 4,KISII,1996360,132760,3240410,2063700,356760,6197390,14070870,0,28058250,0
138,CROWN SPECIALIST CENTRE,138,P 3B,MOMBASA,2605530,66570,3041320,1855600,155200,1946400,273760,0,9944381,0
139,St John Hospital,139,P 4,NAIROBI,1769530,3670900,1650220,574750,3239970,559330,3974440,0,15439140,0
140,MEDITEST DIAGNOSTIC SERVICES LTD,140,P 4,NAIROBI,1770586,2738532,2899792,254369,2081810,1031831,12000,0,10788920,0
142,Komarock Healthcare-Kathwana,142,P 5,THARAKA-NITHI,979440,666520,2899590,2109460,829620,5075400,5388180,0,17948210,0
144,LIFECARE HOSPITAL MIGORI,144,P 4,MIGORI,2824470,3101010,1258970,267360,3180060,471458,3146870,0,14250198,0
146,Samjomen Hospital,146,P 4,MIGORI,1295600,1033930,1897880,1685840,1444800,1934400,3651440,0,12943890,0
147,HEMA HOSPITAL,147,P 5,KISII,2655400,2178060,1544020,916960,1845400,654280,1829520,0,11623640,0
148,Jesmo Hospital,148,P 3B,KISII,764470,292560,2155920,2915120,1128960,5199040,9000400,0,21456470,0
155,RELIANCE HOSPITAL LIMITED,155,P 5,NAIROBI,1510600,3366240,1816280,300420,2193940,591800,2478370,0,12257650,0
156,LUTON MEDICAL HOSPITAL LIMITED,156,P 4,NAIROBI,2537170,2602670,1471650,343180,1496570,398890,1154950,0,10005080,0
158,CANCER CARE KENYA LIMITED,158,P 4,NAIROBI,1280700,3059700,1740800,829500,2743300,801400,3890800,0,14346200,0
161,Ladnan Medical Clinic,161,P 4,WAJIR,970110,1136440,2993970,1322220,412830,2939490,3177390,0,12952450,0
163,Lumino Maternity and Nursing Home,163,P 4,KAKAMEGA,1608160,33970,3214400,1570960,398720,2341120,1289040,0,10456370,0
180,Randburg Community Hospital,180,P 4,KISUMU,1055040,31800,2380560,2237173,564480,4347840,3271280,0,13888173,0
185,Le Maiyan medical centre ltd,185,P 4,KAJIADO,1638480,344480,2708960,1034640,344880,123600,606960,0,6802000,0
190,Juja Road Hospital (Nairobi),190,P 4,NAIROBI,1386160,240320,2620640,1207280,400240,2073360,2296560,0,10224560,0
192,Sori Lakeside Nursing and Maternity Home,192,P 4,MIGORI,1483480,574370,1319680,1360760,1081680,2703760,2823840,0,11347570,0
198,Migori County Referral Hospital,198,G 4,MIGORI,703480,283760,3267240,997530,502320,2620960,2345800,0,10721090,0
201,Manga Sub County Hospital,201,G 4,NYAMIRA,355960,112650,1101920,1976000,2126320,2063840,4820080,0,12556770,0
202,BNM,202,P 4,MIGORI,400980,1544900,1466310,1317240,935610,1731710,3913100,0,11309850,0
210,St Akidiva Mindira Hospital - Mabera,210,P 4,MIGORI,882720,81240,1674400,2148320,722160,2954160,4449280,0,12912280,0
212,Vihiga County Referral Hospital,212,G 4,VIHIGA,124320,80640,2926301,1894490,477240,2696370,3892545,0,12091906,0
214,Ruiru Sub-County Hospital,214,G 4,KIAMBU,768320,416990,2039520,1791600,422000,1883520,3818640,0,11140590,0
218,Suba Sub-Couty Hospital,218,G 4,HOMA BAY,567680,1569040,2347840,870160,760080,571120,703040,0,7388960,0
221,Siaya Medical Centre,221,P 4,SIAYA,1102460,363280,1490000,1753440,598000,2355520,3514640,0,11177340,0
225,QASIMS HOSPITAL LIMITED,225,P 4,KISII,312200,145430,1822880,1911360,936400,4189120,5555040,0,14872430,0
229,Kima Mission Hospital,229,M 4,VIHIGA,1034730,228364,1532400,1709520,514080,3514160,4367760,0,12901014,0
235,Tsavo Comprehensive Annex Medical Clinic,235,P 4,TAITA-TAVETA,1911360,20160,1278960,1370320,305280,727120,750960,0,6364160,0
237,Kisegi Sub-District Hospital,237,G 4,HOMA BAY,67200,211680,1774000,1988880,803040,4949280,5574160,0,15368240,0
238,FRIENDS LUGULU HOSPITAL,238,M 4,BUNGOMA,1080291,1789580,1137510,811460,1955335,1090165,2738505,0,10602846,0
239,Shalom Community Hospital (Athi River),239,P 4,KAJIADO,771680,493520,1998960,1101760,284720,1914160,2133760,0,8698560,0
242,Medstops Healthcare Kenya,242,P 4,NYAMIRA,893760,197440,1457920,1557440,514080,2515600,2640560,0,9776800,0
244,Nyandiwa Level IV Hospital,244,G 4,HOMA BAY,285600,106720,1454720,1447920,1243120,5442960,10909200,0,20890240,0
251,Lamheal Maternity & Nursing Home,251,P 3B,NYAMIRA,472640,70480,1517520,1535440,869120,4189840,4150400,0,12805440,0
253,Prince Richard Health Care Clinic,253,P 3B,HOMA BAY,387120,123200,2184500,1175160,575680,2038640,2981920,0,9466220,0
255,Greenview Nursing Home,255,P 4,KERICHO,797750,577350,1691830,1024140,330690,1673950,1488540,0,7584250,0
256,Cottolengo Mission Hospital,256,M 4,MERU,334512,2021357,1145680,913760,2083360,768320,2012320,0,9279309,0
258,New Busia Maternity & Nursing Home,258,P 4,BUSIA,898813,321720,1733520,821690,628560,2363210,2181750,0,8949263,0
262,LAMU COUNTY REFERRAL HOSPITAL,262,G 4,LAMU,641940,2649670,568680,482860,1248830,684580,2192020,0,8468580,0
264,Goodwill Cottage Hospital,264,P 4,TRANS-NZOIA,668400,2559118,843280,208880,2392000,1281198,170240,0,8123116,0
267,Evans Healthcare Clinic LTD,267,P 4,HOMA BAY,546740,149240,1200400,1712400,621520,2936480,3415200,0,10581980,0
269,Sultan Hamud Sub County Hospital,269,G 4,MAKUENI,652040,5300,1926560,1144080,485200,1260800,2468960,0,7942940,0
270,Our Lady of Lourdes Mutomo Hospital,270,M 5,KIRINYAGA,36720,2306000,1536560,328320,1743360,574480,1589200,0,8114640,0
272,BONDO SUB-COUNTY REFERRAL HOSPITAL,272,G 4,SIAYA,766545,2113480,738480,544800,2312730,268110,2081970,0,8826115,0
276,Ladopharma Medical Center,276,P 3B,MIGORI,89600,138320,1582560,1579200,719040,2892960,3655680,0,10657360,0
277,Magunga Level IV Hospital,277,G 3B,HOMA BAY,16720,4480,715600,2402080,945280,1854720,6632920,0,12571800,0
289,Whiterose Medical Centre,289,P 3A,KIRINYAGA,634170,123620,1233420,1192800,789600,2349490,3505830,0,9828930,0
290,Mimosa Cottage Hospital,290,P 3B,NAIROBI,350000,10000,2110000,1040000,370000,2630000,2900000,0,9410000,0
291,Ranen ochuna medical centre,291,P 3A,MIGORI,458000,42560,1425520,1379520,539840,2255040,2620720,0,8721200,0
296,Nyabohanse Medical Centre,296,P 3B,MIGORI,514520,43190,1194800,1210640,827600,2624480,1553440,0,7968670,0
297,St Mulumba Mission Hospital,297,M 4,KIAMBU,655760,163440,1395119,1253760,298080,922720,1291680,0,5980559,0
299,KIMBIMBI SUB-COUNTY HOSPITAL,299,G 4,KIRINYAGA,340250,252000,2104799,703600,319040,2043120,1226640,0,6989449,0
301,ST JUDES NURSING HOME HOSPITAL,301,P 3B,NAIROBI,488640,1682300,1166690,372270,2012790,262180,1350270,0,7335140,0
302,Al Farooq Hospital,302,P 4,MOMBASA,414400,2153840,817600,302400,1697679,818159,187440,0,6391518,0
303,Nyangiela Sub District,303,G 4,HOMA BAY,60480,1287840,1390720,930640,3460400,53620,5022720,0,12206420,0
306,THE RHAMU HOSPITAL IMAGING AND DIAGNOSTIC CENTRE,306,P 4,MANDERA,1165920,211680,1223040,786240,235200,3222240,1145760,0,7990080,0
311,Dagoretti Subcounty Hospital Mutuini,311,G 4,NAIROBI,433040,190000,1424240,1288240,197200,2579040,1569200,0,7680960,0
312,Imaraat Nursing Home,312,P 3B,WAJIR,492800,26880,1135680,1509760,367360,4406080,3872960,0,11811520,0
313,MPEKETONI SUB COUNTY HOSPITAL,313,G 4,UNKNOWN,652450,1535280,1060480,281200,835680,315280,2291280,0,6971650,0
319,Palmcare Sinai Hospital,319,P 4,UASIN GISHU,219500,2246252,716120,219240,966620,281160,768440,0,5417332,0
325,Sonak Community Medical Centre,325,P 3B,KAKAMEGA,338240,30930,965280,1569040,450240,1792880,2516400,0,7663010,0
329,Moshi Clinic,329,P 3A,MIGORI,596720,239410,945280,896880,660800,2242800,2795360,0,8377250,0
332,Nabuala Medical Centre,332,P 4,BUNGOMA,60400,70720,981120,1373440,844880,3798240,5577440,0,12706240,0
341,Nairobi East Hospital Ltd,341,P 5,NAIROBI,276900,617700,1057430,1133110,172600,2714230,830700,0,6802670,0
344,Wangige Sub County Hospital,344,G 4,KIAMBU,566000,1408060,981660,247520,860160,290160,1978080,0,6331640,0
347,Makindu Medical Centre,347,P 4,MAKUENI,371600,1555920,862080,384640,1389920,226600,828640,0,5619400,0
348,Fino Nursing Home Limited,348,P 4,MANDERA,611520,166880,926240,1205120,262080,1348480,1161440,0,5681760,0
351,Kombewa County Referral Hospital,351,G 4,KISUMU,770560,373520,1104800,611200,284720,1154720,1110640,0,5410160,0
352,ELWAK COTTAGE NURSING HOME,352,P 4,MANDERA,1108800,157920,935200,577920,346080,1216320,1575840,0,5918080,0
353,Oruba Nursing and Maternity Home,353,P 3B,MIGORI,725760,260700,787540,948560,403200,1465840,1774640,0,6366240,0
356,St Orsola Mission Hospital,356,M 4,THARAKA-NITHI,1332479,198000,1075200,395120,57040,1899840,1953360,0,6911039,0
357,Bute Sub county Hospital,357,G 4,WAJIR,955520,13440,1116160,822240,137680,1987200,1882160,0,6914400,0
358,Toric's Nursing Home,358,P 4,HOMA BAY,184800,25680,1169200,1323840,336000,1605840,2372160,0,7017520,0
359,Balozi Hospital LTD,359,P 5,NAIROBI,211120,449640,1658080,681600,1218000,603040,146160,0,4967640,0
361,The Samari-Med Centre,361,P 3B,HOMA BAY,576720,156830,869700,951140,436480,1403520,1544160,0,5938550,0
362,Newlife Cottage Hospital,362,P 3B,NAIROBI,1395200,23520,560000,894800,109680,1276800,377120,0,4637120,0
367,Ruiru Nursing Hospital Ltd,367,P 4,KIAMBU,354400,179600,549760,1380080,470320,1506080,1584560,0,6024800,0
372,Mwingi Medicare Centre,372,P 4,KITUI,1019658,627731,855065,317600,87360,284480,145120,0,3337014,0
373,Ojele Memorial Hospital,373,P 4,MIGORI,527520,40320,839600,1123480,362880,1867960,1616160,0,6377920,0
374,Ikerege Medical Center,374,P 3B,MIGORI,248640,44800,958720,1124480,504000,1980160,2929920,0,7790720,0
375,Nawal Nursing Home,375,P 4,MANDERA,361520,57880,936680,1159200,362880,1336880,1360800,0,5575840,0
378,Alexandria Cancer Centre & Palliative care Hospital,378,P 4,UASIN GISHU,337833,287565,989782,653930,561183,667526,55260,0,3553079,0
379,St.Teresa Hospital Kiambu,379,P 4,KIAMBU,436080,935040,916560,535120,1654400,527480,480960,0,5485640,0
381,Nyabondo Rehabilitation Centre,381,P 4,KISUMU,104160,1544480,686560,473760,1162560,617120,2157120,0,6745760,0
382,Shelly Beach Hospital,382,P 4,KWALE,228685,431135,703351,1138400,304320,1260960,1456330,0,5523181,0
384,Namo Hospital Limited,384,P 4,TURKANA,537600,99680,1413440,617760,107440,312400,261760,0,3350080,0
386,Neoglobal Medicare Hospital,386,P 3B,MIGORI,493840,268800,790720,819840,394240,1808720,1662960,0,6239120,0
387,Nyamagwa Health Centre,387,M 3B,KISII,493520,2240,803840,1055920,407360,1828240,2253920,0,6845040,0
389,Bar Korwa Health Centre,389,M 3,KISUMU,627440,78240,674800,968720,392000,3015040,2443840,0,8200080,0
390,Asumbi Mission Hospital,390,M 4,HOMA BAY,245120,141120,971200,1247120,134400,2197360,1363200,0,6299520,0
391,Tawa Sub-County Hospial,391,G 4,MAKUENI,601680,53760,769280,830960,482400,1175520,1544960,0,5458560,0
394,Mothersolbrit Nursing Home,394,P 3B,MIGORI,414400,108860,721280,1144640,324800,2325120,1597120,0,6636220,0
395,Oasis Doctors Plaza Kakamega,395,P 4,KAKAMEGA,198640,33600,1003170,1171670,302360,2089190,1699700,0,6498330,0
397,SAINT GABRIEL HOSPITAL AND WELLNESS CENTER,397,P 4,KERICHO,721420,1249649,547840,183320,856420,82630,1144460,0,4785739,0
398,Blue valley springs hospital,398,P 4,NYERI,985590,355488,1057720,137520,161040,567920,382480,0,3647758,0
402,Ahmadiya Hospital,402,M 3A,KAKAMEGA,648160,33900,950640,577280,473600,1230800,1654960,0,5569340,0
403,Kalimoni Mission Hospital (Juja),403,M 4,KIAMBU,316960,6720,1373760,688400,290480,1376960,1585280,0,5638560,0
404,The Gyno Solutions Center Limited,404,P 4,KIAMBU,672400,450800,842480,672400,30000,607200,589840,0,3865120,0
405,Apida Medical Centre,405,P 3B,HOMA BAY,416640,24640,893760,938560,389760,1485120,1874880,0,6023360,0
408,Silvercrest Medicare Hospital (Kirinyaga),408,P 4,KIRINYAGA,601590,118330,668640,917280,329280,1243200,1589280,0,5467600,0
409,Port Florence (Ndhiwa),409,P 3B,HOMA BAY,501560,85120,716800,1100880,219520,2145600,1678720,0,6448200,0
411,Zeva Medical Centre,411,P 3A,KISII,415440,17920,870160,938400,360640,1484960,1720000,0,5807520,0
412,Ganjoni Hospital,412,P 4,MOMBASA,786240,259840,1093920,416480,40320,826400,800000,0,4223200,0
413,St Thomas Maternity Hospital - Ferry Branch,413,P 3B,KWALE,441280,486200,578800,842960,244160,1651760,1337280,0,5582440,0
417,ENGINEER COUNTY HOSPITAL,417,G 4,NYANDARUA,576100,1124430,621890,217280,1104070,4550,1327970,0,4976290,0
418,Wajir Fokas Nursing Home,418,P 4,WAJIR,591360,159950,322560,1044960,409920,2704800,967680,0,6201230,0
419,Nyamusi Sub-County Hospital,419,G 4,NYAMIRA,53680,17700,974000,701760,779040,2337600,2843240,0,7707020,0
420,Dawida Annex Hospital,420,P 3A,TAITA-TAVETA,611520,425600,194880,1160320,118720,544320,1397760,0,4453120,0
421,Wajir Central Nursing Home,421,P 4,WAJIR,491680,69100,792960,917280,238560,1488480,1599360,0,5597420,0
423,B & L Healthcare(Naivasha),423,P 4,NAKURU,149100,106500,1131290,866840,244380,1579010,1990050,0,6067170,0
424,Afya Health Systems Organization,424,P 3A,HOMA BAY,468160,218640,633920,878080,280000,1352960,1214080,0,5045840,0
427,Blue Ridge Medical-Thika,427,P 3B,KIAMBU,788100,170400,1033050,457950,585750,127800,372750,0,3535800,0
429,St Consolata Clinic,429,P 3B,KISUMU,439040,34005,692160,1001280,259840,1057280,1568000,0,5051605,0
431,Sheletey Nursing Home Limited,431,P 3B,WAJIR,566720,30160,674240,940800,210560,1500800,1366400,0,5289680,0
434,Granton & Dolly Nursing Home,434,P 3,EMBU,161280,85476,1079680,620480,445760,1397760,1744960,0,5535396,0
436,Bay Leaf Health Center,436,P 3B,MOMBASA,489198,1146478,306640,426480,1781760,123040,260560,0,4534156,0
439,St. Jairus,439,P 4,KISUMU,336206,744640,949730,301440,527920,197850,1120150,0,4177936,0
440,Sipili Maternity and Nursing Home (Ol-Moran),440,P 4,LAIKIPIA,251200,31000,720920,1065480,262920,1541600,1798820,0,5671940,0
443,Emalia Community Health Center,443,P 3B,MIGORI,300160,9000,743680,898240,365120,1563360,2216400,0,6095960,0
444,Royal St. Monicah Medical Centre,444,P 3B,LAIKIPIA,437560,99800,743680,797440,237440,1163600,1808720,0,5288240,0
449,MAMA GUTHA MEDICAL CLINIC,449,P 3B,WAJIR,340480,73920,804160,694400,358400,1258880,1061760,0,4592000,0
452,NEOCARE MEMORIAL HOSPITAL,452,P 4,MIGORI,232880,38460,672880,913600,396480,2029840,2138720,0,6422860,0
453,Omoya Medical Centre,453,P 3A,HOMA BAY,293440,116400,656320,819840,365120,1451520,1715840,0,5418480,0
457,MALAVA SUB COUNTY HOSPITAL,457,G 4,KAKAMEGA,205070,140640,778210,847120,265440,1240480,1948320,0,5425280,0
459,Muthale Mission Hospital,459,M 4,KITUI,611541,231967,654629,539120,187920,797360,844400,0,3866937,0
461,Transmara West Sub County Hospital,461,G 4,NAROK,432160,282060,809520,611360,65200,1077200,1120960,0,4398460,0
463,Getende Nursing Home,463,P 3B,MIGORI,425600,24640,875840,678720,188160,1998080,1742720,0,5933760,0
471,Lodwar County Referral Hospital,471,G 4,TURKANA,175090,133840,886850,595680,348480,1614960,2463920,0,6218820,0
472,Ashburn Ohuru Nursing Home,472,P 3B,SIAYA,564480,6720,492800,507280,553280,1514080,1803600,0,5442240,0
475,Mustaqiim Nursing Home,475,P 3B,MANDERA,470400,129960,633920,674240,206080,1299200,1435840,0,4849640,0
476,Griftu Nursing Home,476,P 4,WAJIR,453600,698880,772800,188160,1337280,208320,1565760,0,5224800,0
478,Hopemot Nursing Home,478,P 3B,NYAMIRA,398720,15680,761600,618240,300160,1442560,1450320,0,4987280,0
481,EASTLIFE HOSPITAL LIMITED,481,P 3B,KISII,810880,103360,365120,457840,344960,1668160,2534480,0,6284800,0
482,Mediforte Hospital Limited,482,P 4,KISII,471260,30000,464750,1090250,24090,1426430,957530,0,4464310,0
485,Busle Nursing Home,485,P 4,MANDERA,393120,134400,621600,672000,241920,1092000,1609440,0,4764480,0
488,St Paul's Mission Hospital,488,M 4,HOMA BAY,283200,54800,976720,595520,134400,2211680,2382880,0,6639200,0
489,Bethany Hill Crest Hospital,489,P 4,NAROK,50400,1500,862320,813040,316880,926460,1012480,0,3983080,0
494,Masco Nursing Home,494,P 3B,MIGORI,509520,276560,508160,624800,94080,679440,1642640,0,4335200,0
495,Narok Cottage Hospital,495,P 4,NAROK,541160,204862,270090,591180,403320,1102750,1061330,0,4174692,0
496,Corner B Hospital Limited,496,P 4,MANDERA,325920,16800,584640,393120,682080,1512000,1747200,0,5261760,0
498,Medstop Healthcare Kenya (Ikonge),498,P 3B,NYAMIRA,123200,115640,853440,667520,239680,857920,1140460,0,3997860,0
500,Firenze Nursing Home,500,P 4,KIAMBU,167397,481200,856800,476800,141520,755600,220000,0,3099317,0
503,Oasis Doctors Plaza Medical Centre (Migori),503,P 4,MIGORI,50000,179280,612240,889040,237120,1009440,1351200,0,4328320,0
508,Ahava Medical Centre,508,P 3B,KISUMU,230720,16720,718880,573280,414400,1558560,1581040,0,5093600,0
511,Ankara Nursing Home,511,P 3B,WAJIR,228480,67200,649600,631680,360640,1797600,2117920,0,5853120,0
514,AL-HUDA NURSING HOME,514,P 3B,WAJIR,266560,437540,607040,423360,179200,1393280,992320,0,4299300,0
521,MATILIKU DISTRICT HOSPITAL,521,G 4,MAKUENI,226798,28000,994480,454320,177120,811760,923280,0,3615758,0
522,Mercy Advent Medical Centre,522,P 3A,HOMA BAY,266560,573440,716800,322560,752640,174720,1090880,0,3897600,0
525,St Clare Bolo Health Centre,525,M 3B,KISUMU,72720,150580,464080,915680,267600,1074880,840560,0,3786100,0
528,The Hope Medical Centre-Awasi,528,P 3A,KISUMU,250880,73920,855680,436800,232960,960960,1482720,0,4293920,0
533,Barts Medical Limited,533,P 3B,MANDERA,344960,197120,622720,441280,230720,754880,898240,0,3489920,0
534,MOGONGA MEDICAL AND DIAGNOSTIC CENTRE,534,P 3A,KISII,262080,479360,826560,266560,1029200,192640,1422400,0,4478800,0
537,GETONTIRA CLINIC,537,P 3B,MIGORI,344942,492800,470400,508480,1208400,6720,1622800,0,4654542,0
540,Uradi Health Centre,540,M 3B,SIAYA,368740,394560,561600,347040,130960,674800,1060480,0,3538180,0
541,Times Cottage Hospital Limited,541,P 3B,WAJIR,118720,20440,248640,692460,710080,992320,788480,0,3571140,0
542,Bestcare Hospital Ltd,542,P 4,NANDI,254000,97040,651120,361120,426880,1070400,981200,0,3841760,0
545,Igorera Medical Clinic,545,P 3B,KISII,224000,8960,553280,768320,232960,1270080,1162560,0,4220160,0
546,Minto Medical Centre,546,P 3B,KISII,423360,22400,510720,407680,423360,1064000,1284560,0,4136080,0
551,Med 25 International Kenya,551,P 3A,HOMA BAY,113040,69440,598960,713920,275520,1048000,1247920,0,4066800,0
552,MAKADARA HOSPITAL,552,G 4,NAIROBI,650000,560000,380000,180000,360000,260000,650000,0,3040000,0
560,Jamii Hospital,560,P 4,NYERI,221520,42790,114000,853120,498160,932240,734720,0,3396550,0
561,Kitengela sub-county hospital,561,G 4,KAJIADO,106799,824880,493920,303440,1407200,88480,2527050,0,5751769,0
563,Masaba Sub-County Hospital,563,G 4,KISUMU,100320,20000,523580,525300,535000,1755680,2181120,0,5641000,0
568,Anka Hospital,568,P 4,NAIROBI,672000,30000,548800,436800,10000,291200,89600,0,2078400,0
571,Kilungu Sub County Hospital,571,G 4,MAKUENI,400880,163520,552580,547520,10000,830800,1273040,0,3778340,0
580,Samburu County Referral Hospital,580,G 4,SAMBURU,316560,76000,723020,350960,170480,353920,649430,0,2640370,0
581,Holsoms Annex Keumbu,581,P 4,KISII,154560,755840,453360,272080,778800,328160,1158080,0,3900880,0
585,Dawafront Healthcare clinic,585,P 3A,KISUMU,40320,33600,389760,752640,412160,1671040,2087680,0,5387200,0
587,Mother & Child Hospital,587,P 4,NAIROBI,294320,403400,544860,320460,62600,598380,857150,0,3081170,0
592,Njiru Hospital,592,G 4,NAIROBI,340000,520000,710000,30000,360000,10000,430000,0,2400000,0
604,Ravine Glory Hospital Mogotio,604,P 4,BARINGO,100560,636320,625040,190720,1113840,195520,857360,0,3719360,0
607,Polyclinic Hospital,607,P 4,NAKURU,12400,264620,945200,317840,749120,100320,268320,0,2657820,0
610,MIDRAR MEDICAL CENTRE,610,P 3B,MANDERA,432320,215040,367360,452480,69440,1657600,1440320,0,4634560,0
624,Hoplan Medical Center,624,P 3B,MIGORI,315840,221760,453360,336000,159040,680800,748000,0,2914800,0
629,Masii Medical Centre,629,P 3B,MACHAKOS,397360,133120,480240,291200,172480,669440,672660,0,2816500,0
631,Nightingale Medical Centre-Milimani,631,P 4,KISUMU,177550,579920,454160,259920,759650,298520,1297720,0,3827440,0
633,St Akidiva Memorial Hospital,633,P 4,MIGORI,396637,65880,183680,593560,228480,1123280,1222240,0,3813757,0
639,Kianyaga Sub-County Hospital,639,G 4,KIRINYAGA,163440,67200,587330,429910,184150,794110,1451500,0,3677640,0
641,Bristol Park Hospital Fedha,641,P 4,NAIROBI,42600,625370,344800,411870,1561410,215700,832930,0,4034680,0
642,Wesu District Hospital,642,G 4,TAITA-TAVETA,88040,37200,594960,425680,278560,434480,238320,0,2097240,0
643,Mt Elgon Sub County Hospital,643,G 4,BUNGOMA,220160,537680,421120,244720,852960,43360,769840,0,3089840,0
644,Valley Hospital Limited,644,P 4,NAKURU,258720,104160,688800,309120,57120,685440,456720,0,2560080,0
652,Shawal Nursing Home,652,P 3B,MANDERA,353920,35000,396480,477120,118720,996800,828800,0,3206840,0
659,Caritas community hospital,659,P 4,KIAMBU,377360,154125,317200,274720,236320,784160,608720,0,2752605,0
664,Mama Asha Nursing Home,664,P 3B,MANDERA,358400,123180,409920,358400,103040,724400,752640,0,2829980,0
667,Blue Light Nursing Home,667,P 4,MANDERA,303640,150040,631210,112020,147280,1173250,933960,0,3451400,0
669,Dandora II Health Centre,669,G 3B,NAIROBI,310000,30000,679998,170000,150000,569999,499999,0,2409996,0
673,St Vincents De Paul Health Centre,673,M 3A,KISUMU,377295,103800,322560,342720,174720,1027840,1567520,0,3916455,0
674,NAJRAN MEDICAL CENTRE LIMITED,674,P 3B,WAJIR,302400,83440,237440,578960,118720,808640,825360,0,2954960,0
675,Seaside Nursing Home,675,P 4,MOMBASA,459200,589120,182080,89600,385200,257600,246320,0,2209120,0
676,Buna Nursing Home,676,P 3B,WAJIR,136640,41940,575680,253120,309120,781760,878080,0,2976340,0
681,Danya Medical Centre,681,P 3A,NYAMIRA,272080,67200,257600,502800,204880,814160,900480,0,3019200,0
682,MAMAS NURSING HOME,682,P 3B,HOMA BAY,676480,8960,353920,159040,103040,582400,851200,0,2735040,0
684,St Monica Rapogi Hospital,684,M 3A,MIGORI,166720,55360,380060,413040,277600,643120,863840,0,2799740,0
685,Rakedenn Medical,685,P 3B,NYAMIRA,174680,27510,347040,439040,284480,851200,909440,0,3033390,0
689,Imara Health Centre,689,M 3A,NAIROBI,148060,40320,534400,295680,249680,1471120,1388400,0,4127660,0
690,KIMAETI HEALTH CENTRE,690,G 2,BUNGOMA,286720,170000,515840,164580,130960,601440,408000,0,2277540,0
693,Kalawa Sub County Hospital,693,G 4,MAKUENI,419360,10000,488400,261360,80320,285040,689680,0,2234160,0
695,Mulatya Memorial Hospital (Mkd),695,P 4,MAKUENI,198160,127371,361920,448960,120640,369360,829040,0,2455451,0
700,St James Life Care Hospital,700,P 3B,SIAYA,75115,54350,480480,500640,131040,550960,819680,0,2612265,0
702,Etago Sub-County Hospital,702,G 4,KISII,127680,403120,487040,218400,752640,87360,762720,0,2838960,0
708,RHAMU NURSING HOME,708,P 3B,MANDERA,271040,86160,418880,253120,188160,976640,893760,0,3087760,0
711,Topcare Nursing Home,711,P 4,KAJIADO,471794,20046,303062,332640,83600,451920,318650,0,1981712,0
714,Nanyuki Hospital,714,P 3B,LAIKIPIA,287600,592400,166320,117520,42400,282880,340240,0,1829360,0
717,Arrows Care Medical Centre,717,P 3B,HOMA BAY,275520,22400,67200,613760,224000,1187200,5201280,0,7591360,0
719,RADIANT GROUP OF HOSPITALS-UMOJA,719,P 4,NAIROBI,401820,145110,367530,190400,97440,352560,368480,0,1923340,0
723,Ishiara Sub-County Hospital,723,G 4,EMBU,190800,584160,314800,107280,267840,60000,381760,0,1906640,0
727,Mama Margaret Uhuru Hospital,727,G 5,NAIROBI,49280,163600,668640,217040,85120,1914080,1087520,0,4185280,0
732,Mtwapa Sub County Hospital,732,G 4,KILIFI,40000,20000,855680,262240,792240,146720,992240,0,3109120,0
739,King David Hospital,739,P 4,KAJIADO,30810,52680,549790,283930,235810,460680,771450,0,2385150,0
740,BETHLEHEM HOME HOSPITAL,740,M 3A,KISUMU,13440,63760,620480,454720,639280,126640,239360,0,2157680,0
742,Ayale Medicare and Nursing Home,742,P 4,MANDERA,67200,153030,340800,403200,181440,1400000,2463760,0,5009430,0
746,Sena Level 4 Hospital,746,G 4,HOMA BAY,16800,524160,278880,322560,211680,36960,288960,0,1680000,0
757,Kojwach Medical Centre,757,P 3A,HOMA BAY,4480,360640,591360,159040,1122240,69440,1691200,0,3998400,0
763,Ekerenyo Sub-District Hospital,763,G 4,NYAMIRA,53600,23520,485520,374820,164080,797220,1366320,0,3265080,0
769,Pastor Machage Memorial Hospital,769,P 4,MIGORI,73920,394080,517440,100800,725600,33680,715360,0,2560880,0
771,Velma Memorial Medical Centre,771,P 4,KIRINYAGA,234400,45600,328160,366240,107520,692160,833280,0,2607360,0
772,Healcare Hospital,772,P 4,HOMA BAY,147760,415920,298880,211600,211200,278720,480000,0,2044080,0
774,Olchobosei Medical Centre,774,P 3A,NAROK,120800,26000,557520,286400,80480,672960,648160,0,2392320,0
779,Kiritiri Medical Healthcare,779,P 3B,EMBU,82880,387520,362880,230720,1008000,29120,1370880,0,3472000,0
781,Lungalunga Subcounty Hospital,781,G 4,KWALE,284078,515120,150000,110000,450000,173600,593360,0,2276158,0
784,UASIN GISHU DISTRICT HOSPITAL LTD,784,G 4,UASIN GISHU,317700,349000,318200,68000,71000,224000,135000,0,1482900,0
786,Kehancha Nursing and Maternity Home,786,P 4,MIGORI,87360,16800,265440,383040,295680,1165760,886720,0,3100800,0
790,Teso North Sub county Hospital,790,G 4,BUSIA,13440,351280,491200,191280,492160,100880,1193760,0,2834000,0
791,St.Georges Medical Center,791,P 3B,KISUMU,22400,200120,318080,407680,96320,445760,687520,0,2177880,0
793,Mandera Medicare Clinic,793,P 3B,MANDERA,132160,58240,427840,349440,69440,425440,421120,0,1883680,0
795,st.Newreb Hospital,795,P 5,KISUMU,150080,204540,257600,358400,64960,683200,658560,0,2377340,0
796,Ahero Medical Centre,796,P 3B,KISUMU,113040,21200,210400,553120,135440,1296800,861040,0,3191040,0
797,Mbooni Sub County Hospital,797,G 4,MAKUENI,164240,318080,338720,211040,190960,293040,928240,0,2444320,0
800,St Michael Nursing Home,800,P 3B,EMBU,327600,69120,257840,205920,169760,663360,831360,0,2524960,0
804,Cana Family Life Clinic,804,P 3B,NAIROBI,133438,10000,552560,201520,113760,567360,604240,0,2182878,0
809,Nyamaiya Medical Center,809,P 3A,KISII,94080,13440,324800,342720,217280,882560,862240,0,2737120,0
812,Mukuru Health Centre,812,G 2,NAIROBI,180000,310000,390000,110000,570000,120000,730000,0,2410000,0
818,Queens & Kings Health Centre,818,P 3B,EMBU,98560,407360,335200,127520,383280,65680,539600,0,1957200,0
820,Njoro Subcounty Hospital,820,G 4,NAKURU,242880,10640,360080,284440,67040,290240,504200,0,1759520,0
821,ARC Waraba Medica Centre,821,P 3A,BUNGOMA,56880,10000,401200,408560,87680,689280,960720,0,2614320,0
825,Lusigetti Sub-county Hospital,825,G 4,KIAMBU,220000,120000,333520,210080,73520,210080,736800,0,1904000,0
829,Khwisero Level IV Hospital,829,G 4,KAKAMEGA,141670,301290,332180,175440,767928,12720,1402890,0,3134118,0
830,Transmara Community Hospital,830,P 3B,NAROK,82880,40690,193680,382880,248640,466800,733520,0,2149090,0
832,MUQIM CLINIC DANABA,832,P 3B,WAJIR,208320,33600,275520,282240,145600,866880,589120,0,2401280,0
833,Likuyani Sub-County Hospital,833,G 4,KAKAMEGA,50000,450320,283760,160480,844640,168440,1168400,0,3126040,0
834,Mama Nursing Home,834,P 3A,MIGORI,262080,155280,129920,212800,181440,685440,605840,0,2232800,0
840,Nucleaur Medical Diagnostic Center,840,P 3B,KIRINYAGA,98560,394240,300160,141120,403200,38080,548800,0,1924160,0
848,Bay Pharm OPD & Optic Clinic,848,P 3A,HOMA BAY,138880,13440,288960,212800,266560,822080,1072960,0,2815680,0
849,Kayole I Health Centre,849,G 3,NAIROBI,40000,380000,320000,160000,310000,90000,530000,0,1830000,0
855,Star Hospital Kisumu -Annex,855,P 4,KISUMU,127360,10080,313360,335760,100800,994800,1326000,0,3208160,0
858,Mururi Medical Center,858,P 3B,KIRINYAGA,163520,10800,192640,394240,118720,788480,598080,0,2266480,0
859,Zamzam Nursing Home RHamu,859,P 3B,MANDERA,199360,42720,163520,268800,201600,1548720,1710000,0,4134720,0
861,Al-Rahman Nursing Home,861,P 3B,MANDERA,73920,29120,331520,323600,116480,990080,760240,0,2624960,0
865,Health Charge Medical Center,865,P 3A,KIRINYAGA,336000,82880,210560,179200,56000,470400,380800,0,1715840,0
867,Kahawa West Health Centre,867,G 3B,NAIROBI,10000,370000,360000,120000,460900,89100,740900,0,2150900,0
868,Olympus Medical Centre,868,P 3B,SIAYA,201960,61135,270720,269840,53760,276560,467840,0,1601815,0
871,Uzima Uhai Health Centre,871,P 3B,NAIROBI,24640,20160,362880,266800,177680,694480,659040,0,2205680,0
873,Shifa Taqwa Medical Centre,873,P 3A,KISUMU,271040,40600,132160,266560,141120,436800,316880,0,1605160,0
875,Takaba Nursing Home LTD,875,P 3B,MANDERA,136640,24640,266560,273280,143360,551040,495040,0,1890560,0
876,Mandera Central Sub county Hospital,876,G 4,MANDERA,63600,308240,213840,258720,475920,140960,1396880,0,2858160,0
878,Kisima Diagnostic & Treatment Centre,878,P 3A,KAJIADO,145600,63900,188160,301200,143360,435600,653760,0,1931580,0
891,St Bakhita Mission,891,M 3A,BUNGOMA,194080,113600,152160,275760,86160,415040,437440,0,1674240,0
895,Shaafici Nursing Home,895,P 3B,MANDERA,161280,8960,291200,282240,76160,427840,808640,0,2056320,0
903,Matunda Maternity Home,903,P 3B,TRANS-NZOIA,156160,17920,470640,113600,45840,439840,618720,0,1862720,0
904,Nairobi Homes Clinic,904,P 4,MOMBASA,46800,485120,119600,152320,152000,343040,127120,0,1426000,0
905,Highfield hospital,905,P 3B,LAIKIPIA,273880,48080,255040,183520,42560,363920,338800,0,1505800,0
918,Ng'iya Health Centre,918,P 3B,SIAYA,207040,86720,221120,184720,89600,476160,409120,0,1674480,0
920,Kotulo Sub-County Referral Hospital,920,G 4,MANDERA,57120,497280,194880,36880,204480,77520,510240,0,1578400,0
921,Kitengela Medical Services Kajiado,921,P 4,KAJIADO,106935,202830,303840,113680,57120,671200,823506,0,2279111,0
922,Skovic,922,P 3A,BUNGOMA,15680,15200,132160,415280,204880,521440,423340,0,1727980,0
925,Rachar Sugar Belt Hospital,925,P 3B,KISUMU,199360,26880,183680,210560,154560,305680,471440,0,1552160,0
927,Mercylite Medical Clinic- Ruiru,927,P 3B,KIAMBU,362880,216800,137520,35840,17920,126320,114240,0,1011520,0
930,Gesusu Sub-County Referral Hospital,930,G 4,KISII,102400,406720,206720,46800,116720,66800,153520,0,1099680,0
931,Migwani Sub County Hospital,931,G 4,KITUI,50160,244240,328320,137600,234160,76880,424800,0,1496160,0
933,Ogembo Medical Clinic,933,P 3A,KISII,94080,13440,241920,259840,150080,432320,414400,0,1606080,0
934,MultiHealth Nursing Home,934,P 3B,MANDERA,51520,228480,362880,114240,349440,94080,611520,0,1812160,0
938,Kamwosor sub-county hospital,938,G 4,ELGEYO-MARAKWET,207120,50160,260160,110160,125660,431200,651840,0,1836300,0
941,Tot Sub County Hospital,941,G 4,ELGEYO-MARAKWET,50160,289040,354640,52560,593120,41040,537680,0,1918240,0
944,Rosewood Nursing Home,944,P 3A,MIGORI,93840,6720,216080,346000,78400,486960,544880,0,1772880,0
951,Neboi Nursing Home,951,P 3B,MANDERA,107520,93700,226240,275520,31360,414400,508480,0,1657220,0
954,Mandera West Nursing Home,954,P 3B,MANDERA,49280,13940,104080,320320,244160,770480,623840,0,2126100,0
955,Mikumbune Sub-District Hospital,955,G 4,MERU,46880,6720,157600,241520,278800,506960,560240,0,1798720,0
956,Nassi Hospitals,956,P 3B,BUSIA,125440,15680,212640,234880,142160,461280,663280,0,1855360,0
957,Marani District Hospital,957,G 4,KISII,96800,260800,217680,155240,180400,53520,207280,0,1171720,0
962,Sismexy Diagnostic and Medical Centre,962,P 3B,KISII,134400,11200,163520,188160,226240,456960,486080,0,1666560,0
963,Sabatia Sub County Hospital,963,G 4,VIHIGA,100000,70000,340000,130000,80160,270000,250000,0,1240160,0
977,Emmanuel Mission Health Centre (Bungoma East),977,M 3A,BUNGOMA,114080,11200,147680,210400,203680,479920,536800,0,1703760,0
979,Ambira Sub-County Hospital,979,G 4,SIAYA,16720,39870,293200,281840,44800,545520,585360,0,1807310,0
982,Malakisi Health Centre,982,G 3,BUNGOMA,10000,277520,370880,13440,344960,31520,351480,0,1399800,0
984,Christian Community Services Wang'uru Dispensary,984,M 2,KIRINYAGA,64960,250880,253120,100800,396480,47040,528640,0,1641920,0
994,Favour Medical Services,994,P 4,KAJIADO,42160,88000,175600,265280,87280,508720,722340,0,1889380,0
998,Whiterose Medical centre Gategi satellite,998,P 3A,KIRINYAGA,129920,44090,123200,271040,82880,452480,495040,0,1598650,0
1000,Home Pearl Medical Clinic,1000,P 3A,SIAYA,76160,6720,143360,212800,210560,553280,730240,0,1933120,0
1007,AL MANAR NURSING HOME LIMITED,1007,P 3B,MANDERA,154560,72020,203840,80640,116480,215040,232960,0,1075540,0
1009,Iguhu Sub County Hospital,1009,G 4,KAKAMEGA,10080,264000,231120,120400,358700,136800,655200,0,1776300,0
1014,Miathene District Hospital,1014,G 4,MERU,120560,184450,241360,73760,160560,100640,389040,0,1270370,0
1028,Chepkigen Health Centre,1028,G 3,UASIN GISHU,190000,250000,110000,50000,30000,90000,50000,0,770000,0
1029,Carlifonia Medical Centre,1029,P 3A,HOMA BAY,134400,9900,168000,159040,127680,716800,517440,0,1833260,0
1030,Sigor Sub-District Hospital,1030,G 3,WEST POKOT,54030,394880,125685,23440,172920,383280,359400,0,1513635,0
1034,Muhoroni County Hospital,1034,G 4,KISUMU,113680,30000,220720,76880,153919,435360,612160,0,1642719,0
1045,Ruai Family Hospital Limited,1045,P 4,NAIROBI,120000,40080,186480,193440,30000,336960,463600,0,1370560,0
1050,Anka Hospital Isiolo,1050,P 4,ISIOLO,63840,10000,181440,221760,90640,561120,604720,0,1733520,0
1052,Browns Memorial Medical Centre,1052,P 3B,TRANS-NZOIA,110480,58080,154400,171840,68240,333360,508320,0,1404720,0
1053,Kiunga Health Centre,1053,G 3,LAMU,99720,10105,182320,191440,79440,667520,726320,0,1956865,0
1058,St. Helier Health Care Services,1058,P 3A,KISUMU,89600,85627,117360,207120,56000,478160,542080,0,1575947,0
1059,Lupe Medical Centre,1059,P 4,KAKAMEGA,58170,144480,208320,144480,295680,73920,342720,0,1267770,0
1060,Riochanda Nursing Home,1060,P 3B,NYAMIRA,69440,8400,56000,268800,152320,1034880,1191680,0,2781520,0
1066,Kaptumo Sub-County Hospital,1066,G 4,NANDI,70000,280000,190000,10000,310000,110000,573360,0,1543360,0
1073,Roman Maternity and Nursing Home,1073,P 3A,NYAMIRA,44800,300160,145600,51520,159040,73920,274320,0,1049360,0
1076,Shiru Health Centre,1076,G 3B,VIHIGA,60000,270000,110000,100000,131000,80000,160000,0,911000,0
1077,Yunasi Medical Centre,1077,P 3A,EMBU,60480,51520,163520,109760,154560,412160,456960,0,1408960,0
1078,Pipeline Nursing Home,1078,P 3B,NAIROBI,58240,32240,156800,228480,63760,396240,445360,0,1381120,0
1079,Wananchi Nursing Home,1079,P 4,KAJIADO,26880,353600,120720,36800,187680,131200,448640,0,1305520,0
1084,Virhembe Nursing Home,1084,P 3B,KAKAMEGA,67200,8770,158880,218320,78240,370480,432880,0,1334770,0
1085,Ginger Hospital,1085,P 3B,KILIFI,89600,42140,367360,20160,11200,792960,1355040,0,2678460,0
1086,Pivot Medical Centre,1086,P 3A,KISUMU,85120,237440,105120,98560,642720,16880,28960,0,1214800,0
1097,Mbeere Sub-County Hospital,1097,G 4,EMBU,20000,233680,124000,140720,260320,53440,334080,0,1166240,0
1098,Mediheal Hospital,1098,P 5,NAKURU,32000,120000,210000,156160,164400,3920,103360,0,789840,0
1108,Embakasi Health Centre,1108,G 2,NAIROBI,20000,360000,100000,30000,270000,50000,470000,0,1300000,0
1109,Kesses Health Centre,1109,G 2,UASIN GISHU,130000,270000,70000,40000,20000,130000,110000,0,770000,0
1111,New degree medical centre,1111,P 3B,KIRINYAGA,87360,38080,78400,237440,67200,347200,413200,0,1268880,0
1119,Chuka Nursing Home,1119,P 3B,THARAKA-NITHI,23520,271920,117600,87360,208080,191280,138560,0,1038320,0
1122,RHAMU SUB-COUNTY HOSPITAL,1122,G 4,MANDERA,53520,16800,110800,201360,114000,3599520,1765040,0,5861040,0
1128,Tinga Health Centre,1128,G 3,NYAMIRA,33600,93920,278800,83920,403040,1040,22400,0,916720,0
1131,Chemin Medical Clinic,1131,P 3B,KISII,47040,154560,185920,100800,414400,143360,766080,0,1812160,0
1138,Gita Sub County Hospital,1138,G 4,KISUMU,149280,44480,177920,40320,63440,199440,245120,0,920000,0
1142,Kyuso Sub County Hospital,1142,G 4,KITUI,186880,213920,34640,34480,410960,880,159440,0,1041200,0
1144,Doday Nursing Home,1144,P 3B,MANDERA,56000,26880,154560,85120,145600,521920,931840,0,1921920,0
1148,Premierecare Diagnostic Hospital Annex Limited,1148,P 4,NAROK,137880,85200,158450,83250,10000,74550,5000,0,554330,0
1149,Awasi Mission Health Center,1149,M 3B,KISUMU,126320,4800,219560,99280,13440,315120,328240,0,1106760,0
1157,Mother Flora Medical Centre.,1157,P 3B,MIGORI,125440,17920,105280,100800,103040,409920,194880,0,1057280,0
1160,Arabia Health Centre,1160,G 3,MANDERA,137760,13440,53760,140960,103840,1000800,892000,0,2342560,0
1169,Halisi Family Hospital,1169,P 4,KAJIADO,87360,73920,129920,97440,50400,87360,191520,0,717920,0
1176,Quracle Nursing Home,1176,P 3B,MANDERA,199360,49280,53760,89600,42560,383040,365120,0,1182720,0
1178,Uyawi Sub County Hospital,1178,G 4,SIAYA,10000,210000,140000,71600,123440,56560,476960,0,1088560,0
1187,Njukini Health Centre,1187,G 3,TAITA-TAVETA,90000,30000,130000,120000,50000,230000,320000,0,970000,0
1189,Nairobi Women hospital - Nakuru CBD,1189,P 3A,NAKURU,20160,238560,131040,26880,137760,124320,101920,0,780640,0
1190,Tahidi Nursing Home,1190,P 3B,KITUI,38080,96320,138880,143360,210560,24640,284480,0,936320,0
1196,HOLY SPIRIT HEALTH CENTRE GILGIL,1196,M 3A,NAKURU,133880,23440,40000,149996,60000,205680,175680,0,788676,0
1198,Nguni Favour Medicare,1198,P 3A,KITUI,87920,94480,124800,83600,15680,95840,226160,0,728480,0
1208,OLLA NURSING HOME,1208,P 3B,MANDERA,47040,112000,206080,33600,118720,62720,108560,0,688720,0
1221,Nyeri Town Health Centre,1221,G 3,NYERI,90000,20000,110000,170000,120000,30000,110000,0,650000,0
1223,RFH Healthcare Ruiru,1223,P 4,KIAMBU,110880,40080,128480,40320,67200,86720,204320,0,678000,0
1226,Sadik Med Care,1226,P 3A,SIAYA,43560,10000,146880,84640,100640,212720,166320,0,764760,0
1227,Fina Medical Nursing Home,1227,P 3B,KAKAMEGA,47040,35500,143080,130960,29120,449040,746800,0,1581540,0
1228,ORTUM MISSION HOSPITAL (KITALE),1228,M 4,WEST POKOT,10180,100,43600,207440,123840,841280,360960,0,1587400,0
1234,Naidu Hospital,1234,P 4,KIAMBU,222000,13440,107520,36960,338320,53520,57040,0,828800,0
1235,EeastValley Nursing Home(Naivasha),1235,P 3B,NAKURU,145630,29960,78240,76160,47040,138880,188160,0,704070,0
1240,Matercare Maternity Hospital,1240,M 4,ISIOLO,57830,131360,133600,51200,443940,14140,364980,0,1197050,0
1249,Komarock Morden Medical Care,1249,P 3B,NAIROBI,38080,15680,148240,140320,25680,196880,288720,0,853600,0
1250,Raruowa Health Centre,1250,G 3,HOMA BAY,28960,98400,184240,56000,121840,24480,218000,0,731920,0
1251,Magdak Maternity and Nursing Home,1251,P 3B,MIGORI,94080,11200,125440,120960,13440,409920,647360,0,1422400,0
1257,St Charles Lwanga Health Centre,1257,M 3A,KIAMBU,17920,191840,82720,65840,250080,14480,286640,0,909520,0
1265,Kaptarakwa Sub-District Hospital,1265,G 4,ELGEYO-MARAKWET,148960,66720,124480,10000,138960,10000,211200,0,710320,0
1266,Akala Health Centre,1266,G 3,SIAYA,50000,200000,90000,10000,190000,10000,320000,0,870000,0
1272,Ngarua Health Centre,1272,G 3,LAIKIPIA,30000,142400,92240,83600,281360,24480,243600,0,897680,0
1274,Muhuru Sub-County Hospital,1274,G 4,MIGORI,50300,133440,83360,80160,226880,63200,514560,0,1151900,0
1279,Andersen Medical Centre,1279,P 3B,TRANS-NZOIA,30160,172320,73760,69280,148720,3280,235120,0,732640,0
1281,Ponalabs Health Services,1281,P 3A,KISII,107520,64960,120960,51520,107520,98560,132160,0,683200,0
1284,Manyala Sub County Hospital,1284,G 4,KAKAMEGA,13640,300,74500,207680,44270,317240,263220,0,920850,0
1285,CHEBORGEI HEALTH CENTRE,1285,G 3,KERICHO,120000,10000,120000,70000,20000,190000,220000,0,750000,0
1302,The White Crescent Hospital,1302,P 5,NANDI,10000,40000,110000,169600,106720,196720,100000,0,733040,0
1304,Divine Mercy Kithatu Dispensary,1304,M 2,MERU,103040,64800,94080,67040,88400,95120,164400,0,676880,0
1306,Alpo Medical Centre,1306,P 3B,KISUMU,22400,6720,91680,168000,38080,292080,306560,0,925520,0
1311,Nakwamoru Health Centre,1311,M 3B,TURKANA,53760,13440,53760,120800,82880,321360,292240,0,938240,0
1319,Mama Maria Clinic,1319,P 3B,MIGORI,31400,91840,129920,60480,105280,4480,268800,0,692200,0
1321,Emali Sub County Hospital,1321,G 4,MAKUENI,50000,30000,162400,41200,28960,100000,163440,0,576000,0
1323,Vihiga Health Centre,1323,G 3,VIHIGA,40000,10000,78960,122240,60000,150000,220000,0,681200,0
1325,SUBUKIA SUB COUNTY HOSPITAL,1325,G 4,NAKURU,80000,60000,120080,50000,210000,54000,66000,0,640080,0
1337,Isiolo Drug Mart Medical Centre,1337,P 4,ISIOLO,20160,127300,68750,67120,16800,110640,168000,0,578770,0
1351,Jamii Medical Clinic Mukuru,1351,P 2,NAIROBI,67200,138880,80640,6720,130960,26880,265200,0,716480,0
1353,Mandera Nursing Home,1353,P 3B,MANDERA,33600,98560,141120,20160,248640,49280,465920,0,1057280,0
1356,Olchorro Health Centre,1356,G 3,NAROK,10000,100000,130000,50000,80000,20000,160000,0,550000,0
1373,Maimoon Hospital,1373,P 4,KILIFI,53760,63840,98560,30240,33600,107440,104160,0,491600,0
1376,Namunyak Medical Centre,1376,P 3B,KAJIADO,63240,4050,8960,128720,74960,147840,452160,0,879930,0
1378,Immaculate Heart Hospital Kereita,1378,M 4,KIAMBU,36960,36440,93760,80480,30000,203520,468000,0,949160,0
1396,Langa Langa Dispensary,1396,G 2,NAKURU,70000,50000,80000,60000,140000,10000,160000,0,570000,0
1400,Buyangu Health Centre,1400,P 3A,VIHIGA,15680,129760,89440,22240,40160,183520,82400,0,563200,0
1403,St Paul's Hospital,1403,M 4,HOMA BAY,50400,124320,26880,50400,70560,20160,50400,0,393120,0
1412,MZEDU DAWIDA MEDICAL SERVICES,1412,P 3A,TURKANA,150400,29320,31360,31360,6720,132160,118720,0,500040,0
1424,Westlands Hospital,1424,G 4,KILIFI,10000,100000,90000,40000,160000,20000,90000,0,510000,0
1426,Blessed to Bless Hospital,1426,P 3B,NAIROBI,15680,89440,102720,31360,89440,19840,289520,0,638000,0
1461,Torongo Health Centre,1461,G 3,BARINGO,110000,30000,50000,30000,40000,30000,70000,0,360000,0
1470,Spica's Medical Centre,1470,P 3B,BUNGOMA,10000,12220,42400,92560,57040,420560,457960,0,1092740,0
1471,Clearview Specialist Medicare,1471,P 2,NYAMIRA,22400,52400,22400,103040,13440,199360,203840,0,616880,0
1473,ARCHERS POST HEALTH CENTRE,1473,M 3A,SAMBURU,40000,100000,52500,10000,10000,10000,192560,0,415060,0
1478,Korogocho Health Centre,1478,G 3B,NAIROBI,20000,110000,60000,20000,10000,40000,170000,0,430000,0
1482,Korosiandet Health Centre,1482,G 3A,BUNGOMA,10000,106720,76720,12240,117920,2240,176880,0,502720,0
1487,Sachangwan Highway Medical Centre,1487,P 3A,NAKURU,58240,50320,72720,20160,31360,6720,303280,0,542800,0
1496,Suguta Marmar Sub County Hospital,1496,G 4,SAMBURU,78890,90500,10000,20000,20000,30600,20000,0,269990,0
1508,Modesty Medical Centre,1508,P 3B,KIRINYAGA,33600,78400,33600,44800,49280,56000,105280,0,400960,0
1509,CHEMOSOT HEALTH CENTRE,1509,G 3,KERICHO,30000,10000,70000,70000,10000,70000,90000,0,350000,0
1516,Tulah Medical Services,1516,P 3B,KAJIADO,11200,39065,34400,96160,8960,506960,447520,0,1144265,0
1533,Baari Health Centre,1533,G 3,NYANDARUA,10000,10000,70000,80000,10000,60000,150000,0,390000,0
1536,Ojola Sub County Hospital,1536,G 4,KISUMU,10000,100000,30000,40000,60000,10000,10000,0,260000,0
1539,Riotanchi Health Centre,1539,G 3,KISII,80000,40000,50000,10000,40000,60000,10000,0,290000,0
1549,Enzaro Health Centre,1549,G 3,VIHIGA,30000,95840,31200,16720,34480,16720,92240,0,317200,0
1553,Clastan medical services,1553,P 3A,KIRINYAGA,29120,80640,49280,11200,56000,11200,380800,0,618240,0
1559,Malanga Health Centre,1559,G 3,SIAYA,20000,20000,80000,30000,20000,40000,100000,0,310000,0
1562,Scion Medical Centre,1562,P 3B,NAIROBI,56000,60480,20160,31360,73920,14480,83920,0,340320,0
1564,Awendo Sub-County Hospital,1564,G 4,MIGORI,13440,123440,23440,6720,217600,16720,354480,0,755840,0
1575,Nyamusi Medical Centre,1575,P 3B,NYAMIRA,31360,33600,69440,26880,120960,15680,80640,0,378560,0
1581,Nyalenda Health Centre,1581,G 3A,KISUMU,50000,50000,30000,30000,10000,30000,90000,0,290000,0
1593,Bamba Maternity Nursing Home,1593,P 3A,KILIFI,11200,78240,35840,30160,101840,20000,125280,0,402560,0
1603,KABATINI HEALTH CENTRE,1603,G 3,NAKURU,20000,10900,70000,40000,10000,90000,200000,0,440900,0
1628,Kasaala Health Centre,1628,G 3,KITUI,50000,20000,40000,20000,10000,50000,50000,0,240000,0
1638,Better Living Hospital,1638,P 3B,NAIROBI,13440,22400,96320,4480,26880,78400,71680,0,313600,0
1658,Joyellen Women Hospital,1658,P 4,NAKURU,13440,36960,57120,20160,130960,50240,107440,0,416320,0
1660,Kipchimchim M Hospital,1660,M 3B,KERICHO,13440,45680,11200,54809,82400,19120,94800,0,321449,0
1666,Nyamasibi Sub-County Hospital,1666,G 4,KISII,23520,56800,30000,10000,60080,30000,50000,0,260400,0
1723,Wanjohi Health Centre,1723,G 3,NYANDARUA,13140,10000,60000,10000,10000,60000,150000,0,313140,0
1727,Soin sub county hospital,1727,G 4,NAKURU,13440,34960,30000,23440,33360,30000,164080,0,329280,0
1732,Cheramei Dispensary,1732,G 2,UASIN GISHU,20000,50000,20000,10000,10000,10000,30000,0,150000,0
1734,Emusanda Health Centre,1734,G 2,KAKAMEGA,10000,30000,40000,20000,10000,10000,110000,0,230000,0
1823,Chegilet Health Centre,1823,G 3B,ELGEYO-MARAKWET,10000,10000,40000,20000,40000,10000,10000,0,140000,0
1898,Mtondia Medical Clinic,1898,P 3A,KILIFI,10000,3200,15680,28960,11200,66880,87040,0,222960,0
1918,Ivory Health Solution Limited,1918,P 3A,NAIROBI,2240,15680,29120,13440,26880,11200,47040,0,145600,0
1981,Mainland Relief Hospital,1981,P 3A,SIAYA,8960,6500,24640,11200,78400,17920,96320,0,243940,0
